{"negative": {"disgusted": 0.5, "angry": 0.5, "gloomy": 0.3333333333333333, "dark": 0.22321428571428573, "previous": 0.1111111111111111, "small": 0.1111111111111111, "fearful": 0.0625, "bad": 0.0625, "black": 0.0625, "white": 0.0625, "right": 0.0625, "little": 0.0625, "i": 0.0625, "forest": 0.0625, "wary": 0.0625, "uncertain": 0.0625, "sad": 0.03125}, "positive": {"great": 0.5, "happy": 0.1}}